"'5CD22881S5',"
"'5CD228H9R8',"
"'5CD228H9RG',"
"'5CD228H9RH',"
"'5CD228H9RJ',"
"'5CD228H9RL',"
"'5CD228H9RN',"
"'5CD228H9RS',"
"'5CD228H9RV',"
"'5CD228H9RX',"
"'5CD228H9RY',"
"'5CD228H9S4',"
"'5CD228H9S6',"
"'5CD228H9S9',"
"'5CD228H9SB',"
"'5CD228H9SF',"
"'5CD228H9SJ',"
"'5CD228H9SL',"
"'5CD228H9SN',"
"'5CD228H9SP',"
"'5CD228H9SX',"
"'5CD228H9SY',"
"'5CD228H9T3',"
"'5CD228H9TJ',"
"'5CD228H9TM',"
"'5CD228H9TN',"
"'5CD228H9TP',"
"'5CD228H9TZ',"
"'5CD228H9VB',"
"'5CD2434Y15',"
"'5CD2434Y5H',"
"'5CD5096B7H',"
"'5CG131C365',"
"'5CG131C36H',"
"'5CG131C39W',"
"'5CG13219MG',"
"'5CG13219MK',"
"'5CG13219MN',"
"'5CG13219MP',"
"'5CG13219MR',"
"'5CG13219MV',"
"'5CG13219MX',"
"'5CG13219N2',"
"'5CG13219N3',"
"'5CG13219N6',"
"'5CG13219N7',"
"'5CG13219NG',"
"'5CG13219NL',"
"'5CG13219NS',"
"'5CG13219NX',"
"'5CG13219NZ',"
"'5CG13219P4',"
"'5CG13219P7',"
"'5CG13219PJ',"
"'5CG13219PT',"
"'5CG13219PV',"
"'5CG13219Q0',"
"'5CG13219Q1',"
"'5CG13219Q2',"
"'5CG13219Q4',"
"'5CG13219QF',"
"'5CG13219QH',"
"'5CG13219QL',"
"'5CG13219QX',"
"'5CG13219QZ',"
"'5CG13219R2',"
"'5CG13219R6',"
"'5CG13219R7',"
"'5CG13219R8',"
"'5CG13219RD',"
"'5CG13219RF',"
"'5CG13219RJ',"
"'5CG13219RL',"
"'5CG13219RN',"
"'5CG13219RQ',"
"'5CG13219RS',"
"'5CG13219RV',"
"'5CG13219RZ',"
"'5CG13219S2',"
"'5CG13219S4',"
"'5CG13219S7',"
"'5CG13219S8',"
"'5CG13219TB',"
"'5CG13219TD',"
"'5CG13219TF',"
"'5CG13219TH',"
"'5CG13219TK',"
"'5CG13219TL',"
"'5CG13219TN',"
"'5CG13219TP',"
"'5CG13219TQ',"
"'5CG13219TR',"
"'5CG13219TT',"
"'5CG13219TW',"
"'5CG13219TX',"
"'5CG13219TY',"
"'5CG13219TZ',"
"'5CG13219V0',"
"'5CG13219V2',"
"'5CG13219V3',"
"'5CG13219V4',"
"'5CG13219V7',"
"'5CG13219VB',"
"'5CG13219VC',"
"'5CG13219VD',"
"'5CG13219VH',"
"'5CG13219VJ',"
"'5CG13219VM',"
"'5CG13219VN',"
"'5CG13219VR',"
"'5CG13219VS',"
"'5CG13219VT',"
"'5CG13219VW',"
"'5CG1321B36',"
"'5CG1321B38',"
"'5CG1321B39',"
"'5CG1321B3C',"
"'5CG1321B3D',"
"'5CG1321B3F',"
"'5CG1321B3G',"
"'5CG1321B3J',"
"'5CG1321B3K',"
"'5CG1321B3L',"
"'5CG1321B3M',"
"'5CG1321B3P',"
"'5CG1321B3Q',"
"'5CG1321B3R',"
"'5CG1321B3S',"
"'5CG1321B3T',"
"'5CG1321B3X',"
"'5CG1321B3Y',"
"'5CG1321B3Z',"
"'5CG1321B43',"
"'5CG1321B44',"
"'5CG1321B45',"
"'5CG1321B48',"
"'5CG1321B49',"
"'5CG1321B4B',"
"'5CG1321B4F',"
"'5CG1321B4G',"
"'5CG1321B4H',"
"'5CG1321B4J',"
"'5CG1321B4N',"
"'5CG1321B4Q',"
"'5CG1321B4S',"
"'5CG1321B4W',"
"'5CG1321B4X',"
"'5CG1321B50',"
"'5CG1321B52',"
"'5CG1321B53',"
"'5CG1321B55',"
"'5CG1321B56',"
"'5CG1321B58',"
"'5CG1321B59',"
"'5CG1321B5C',"
"'5CG1321B5H',"
"'5CG1321B5J',"
"'5CG1321B5L',"
"'5CG1321B5R',"
"'5CG1321B5T',"
"'5CG1321B5V',"
"'5CG1321B5X',"
"'5CG1321B5Z',"
"'5CG1321B61',"
"'5CG1321B68',"
"'5CG1321B69',"
"'5CG1321B6B',"
"'5CG1321B82',"
"'5CG1321B86',"
"'5CG1321B87',"
"'5CG1321B8B',"
"'5CG1321B8J',"
"'5CG1321B8L',"
"'5CG1321B8P',"
"'5CG1321B8Q',"
"'5CG1321B8S',"
"'5CG1321B8T',"
"'5CG1321B8X',"
"'5CG1321B8Z',"
"'5CG1321B91',"
"'5CG1325PP3',"
"'5CG13344YV',"
"'5CG13344Z7',"
"'5CG13366TK',"
"'5CG13366TM',"
"'5CG13366TS',"
"'5CG13366TT',"
"'5CG13366V1',"
"'5CG13366V5',"
"'5CG13366V6',"
"'5CG13366VC',"
"'5CG13366VH',"
"'5CG13366VK',"
"'5CG13366VZ',"
"'5CG13366W0',"
"'5CG13366W2',"
"'5CG13366W4',"
"'5CG13366WC',"
"'5CG13366WD',"
"'5CG13366WF',"
"'5CG13366WM',"
"'5CG13366WQ',"
"'5CG13366X4',"
"'5CG13366X5',"
"'5CG13366X6',"
"'5CG13366X8',"
"'5CG13366X9',"
"'5CG13366XB',"
"'5CG13366XC',"
"'5CG13366XF',"
"'5CG13366XG',"
"'5CG13366XL',"
"'5CG13366XM',"
"'5CG13366XN',"
"'5CG13366ZC',"
"'5CG13366ZD',"
"'5CG13366ZF',"
"'5CG13366ZK',"
"'5CG13366ZN',"
"'5CG13366ZR',"
"'5CG13366ZT',"
"'5CG13366ZV',"
"'5CG13366ZY',"
"'5CG1336701',"
"'5CG1336702',"
"'5CG1336703',"
"'5CG1336704',"
"'5CG1336705',"
"'5CG133670B',"
"'5CG133670D',"
"'5CG133670K',"
"'5CG133670N',"
"'5CG133670R',"
"'5CG133670T',"
"'5CG133670W',"
"'5CG133670X',"
"'5CG133672L',"
"'5CG133672M',"
"'5CG133672Q',"
"'5CG133672T',"
"'5CG133672V',"
"'5CG133672W',"
"'5CG1336730',"
"'5CG1336733',"
"'5CG1336734',"
"'5CG1336735',"
"'5CG133673B',"
"'5CG133673C',"
"'5CG133673D',"
"'5CG133673F',"
"'5CG133673G',"
"'5CG133673K',"
"'5CG133673L',"
"'5CG133673P',"
"'5CG133673Q',"
"'5CG133673R',"
"'5CG133673T',"
"'5CG133673V',"
"'5CG133673W',"
"'5CG133673X',"
"'5CG1336740',"
"'5CG1336742',"
"'5CG1336745',"
"'5CG133675T',"
"'5CG133675V',"
"'5CG133675W',"
"'5CG133675Y',"
"'5CG133675Z',"
"'5CG1336760',"
"'5CG1336761',"
"'5CG133676C',"
"'5CG133676D',"
"'5CG133676J',"
"'5CG133676K',"
"'5CG133676L',"
"'5CG133676P',"
"'5CG133676R',"
"'5CG133676S',"
"'5CG133676T',"
"'5CG133676V',"
"'5CG133676W',"
"'5CG133676X',"
"'5CG133676Y',"
"'5CG133676Z',"
"'5CG1336770',"
"'5CG1336774',"
"'5CG1336775',"
"'5CG1336777',"
"'5CG1336779',"
"'5CG133677B',"
"'5CG133677F',"
"'5CG133677H',"
"'5CG133677L',"
"'5CG133677M',"
"'5CG133677Q',"
"'5CG133677R',"
"'5CG133677S',"
"'5CG133677T',"
"'5CG133677V',"
"'5CG133677W',"
"'5CG133677X',"
"'5CG133677Y',"
"'5CG1336781',"
"'5CG1336782',"
"'5CG1336783',"
"'5CG1336784',"
"'5CG1336785',"
"'5CG1336786',"
"'5CG1336787',"
"'5CG1336788',"
"'5CG1336789',"
"'5CG133678B',"
"'5CG133678C',"
"'5CG133678G',"
"'5CG133678K',"
"'5CG133678L',"
"'5CG133678M',"
"'5CG133678N',"
"'5CG133678P',"
"'5CG133678T',"
"'5CG133678V',"
"'5CG133678W',"
"'5CG133678X',"
"'5CG133678Z',"
"'5CG1336792',"
"'5CG1336794',"
"'5CG1336796',"
"'5CG1336797',"
"'5CG1336798',"
"'5CG1336799',"
"'5CG133679C',"
"'5CG1356NLM',"
"'5CG1356NLS',"
"'5CG1356NLT',"
"'5CG1356NLV',"
"'5CG1356NMH',"
"'5CG1356NMT',"
"'5CG1356NRX',"
"'5CG1356NS5',"
"'5CG1356NS7',"
"'5CG1356NS9',"
"'5CG1356NSD',"
"'5CG1356NSG',"
"'5CG1356NSK',"
"'5CG1356NSN',"
"'5CG1356NSV',"
"'5CG1356NSW',"
"'5CG1356NVV',"
"'5CG1356NVY',"
"'5CG1356NVZ',"
"'5CG1356NW7',"
"'5CG1445XFL',"
"'5CG1445XGM',"
"'5CG1445XGS',"
"'5CG1445XGT',"
"'5CG1445XGY',"
"'5CG1445XSV',"
"'5CG1445XSW',"
"'5CG1445XT0',"
"'5CG1445XT3',"
"'5CG1445XT4',"
"'5CG1445XT8',"
"'5CG1445XTG',"
"'5CG1445XTJ',"
"'5CG1445XTQ',"
"'5CG1445XTS',"
"'5CG1445XTX',"
"'5CG1445XTY',"
"'5CG1445XV0',"
"'5CG1445Y0D',"
"'5CG1445Y0P',"
"'5CG1445Y0S',"
"'5CG1445Y0Z',"
"'5CG1445Y1B',"
"'5CG1445Y1G',"
"'5CG1445Y1P',"
"'5CG1445YCD',"
"'5CG1445YCW',"
"'5CG1445YCY',"
"'5CG1445YD0',"
"'5CG1445YHT',"
"'5CG1445YHX',"
"'5CG1445YHZ',"
"'5CG1445YJ2',"
"'5CG1445YJ3',"
"'5CG1445YJ8',"
"'5CG1445YJ9',"
"'5CG1445YJG',"
"'5CG1445YJN',"
"'5CG1445YJR',"
"'5CG1445YJY',"
"'5CG1445YK2',"
"'5CG1445YK4',"
"'5CG1445ZDF',"
"'5CG1445ZDH',"
"'5CG1445ZDM',"
"'5CG1445ZDP',"
"'5CG1445ZF0',"
"'5CG1445ZF4',"
"'5CG1445ZFB',"
"'5CG1445ZFC',"
"'5CG1445ZFD',"
"'5CG1445ZFF',"
"'5CG1445ZFT',"
"'5CG1445ZPF',"
"'5CG1445ZPH',"
"'5CG1445ZPJ',"
"'5CG1445ZPK',"
"'5CG1445ZPR',"
"'5CG1445ZPW',"
"'5CG1445ZPX',"
"'5CG1445ZQG',"
"'5CG1445ZQK',"
"'5CG1445ZQS',"
"'5CG144600X',"
"'5CG144600Y',"
"'5CG144600Z',"
"'5CG1446012',"
"'5CG144601B',"
"'5CG144601F',"
"'5CG144601N',"
"'5CG144601X',"
"'5CG1446020',"
"'5CG1446021',"
"'5CG144602D',"
"'5CG1447T3M',"
"'5CG1447T3Q',"
"'5CG1447T3S',"
"'5CG1447T3V',"
"'5CG1447T42',"
"'5CG1447T47',"
"'5CG1447T4K',"
"'5CG1447T4Q',"
"'5CG1447T4X',"
"'5CG1447T4Y',"
"'5CG1447TQS',"
"'5CG1447TQX',"
"'5CG1447TR0',"
"'5CG1447TR3',"
"'5CG1447TR8',"
"'5CG1447TR9',"
"'5CG1447TRL',"
"'5CG1447TRY',"
"'5CG1447V94',"
"'5CG1447V98',"
"'5CG1447V99',"
"'5CG1447V9C',"
"'5CG1447V9D',"
"'5CG1447V9F',"
"'5CG1447V9S',"
"'5CG1447V9W',"
"'5CG1447V9Z',"
"'5CG1447VB5',"
"'5CG1447VB9',"
"'5CG1447VBB',"
"'5CG1447VBC',"
"'5CG1447VBG',"
"'5CG1447VBM',"
"'5CG1447VRT',"
"'5CG1447VS0',"
"'5CG1447VS5',"
"'5CG1447VS8',"
"'5CG1447VS9',"
"'5CG1447VSD',"
"'5CG1447VSP',"
"'5CG1447VSY',"
"'5CG1447WD9',"
"'5CG1447WDC',"
"'5CG1447WDK',"
"'5CG1447WDL',"
"'5CG1447WDV',"
"'5CG1447WFD',"
"'5CG1447X1M',"
"'5CG1447X1Q',"
"'5CG1447X1R',"
"'5CG1447X28',"
"'5CG1447X29',"
"'5CG1447X2B',"
"'5CG1447X2D',"
"'5CG1447X2P',"
"'5CG1447X2T',"
"'5CG1447X30',"
"'5CG14480TV',"
"'5CG14480V4',"
"'5CG14480V5',"
"'5CG14480V6',"
"'5CG14480V7',"
"'5CG14480V9',"
"'5CG14480VK',"
"'5CG14480VL',"
"'5CG14480VM',"
"'5CG14480VN',"
"'5CG14480W1',"
"'5CG14480W2',"
"'5CG14480W5',"
"'5CG14480W9',"
"'5CG144817Q',"
"'5CG144817T',"
"'5CG144817X',"
"'5CG1448180',"
"'5CG1448183',"
"'5CG1448184',"
"'5CG144818N',"
"'5CG144818Q',"
"'5CG21395HK',"
"'5CG21395HM',"
"'5CG21395HS',"
"'5CG21395HT',"
"'5CG21395J0',"
"'5CG21395MN',"
"'5CG21395MX',"
"'5CG21395N0',"
"'5CG21395NC',"
"'5CG21395PX',"
"'5CG21395PZ',"
"'5CG21395QD',"
"'5CG21395WX',"
"'5CG21395XJ',"
"'5CG21395XL',"
"'5CG21395XS',"
"'5CG21395XT',"
"'5CG213961G',"
"'5CG213961K',"
"'5CG213962R',"
"'5CG213962T',"
"'5CG213962Y',"
"'5CG2139639',"
"'5CG213963G',"
"'5CG213963H',"
"'5CG213964W',"
"'5CG213964X',"
"'5CG2139656',"
"'5CG2194Y1N',"
"'5CG3222F2S',"
"'5CG34345S0',"
"'5CG34345S5',"
"'5CG34348BS',"
"'5CG34348BV',"
"'5CG34408TC',"
"'5CG3503WN0',"
"'5CG3503WN6',"
"'5CG3503WNQ',"
"'5CG3503WTV',"
"'5CG3503WVQ',"
"'5CG3503X7J',"
"'5CG40530S9',"
"'5CG4160LPJ',"
"'5CG4160LQ3',"
"'5CG4160LQD',"
"'5CG4160LRX',"
"'5CG4160LS2',"
"'5CG4160LS7',"
"'5CG4160LSF',"
"'5CG4160LSN',"
"'5CG4160LST',"
"'5CG4160LT4',"
"'5CG4160LT4',"
"'5CG4212WX9',"
"'5CG4212WXK',"
"'5CG4212WXY',"
"'5CG4212WY1',"
"'5CG4212WY2',"
"'5CG4212WY6',"
"'5CG4240YBD',"
"'5CG4240YBS',"
"'5CG4240YCC',"
"'5CG43723MZ',"
"'5CG44339M7',"
"'5CG4505VSB',"
"'5CG4505VSK',"
"'5CG4505VT3',"
"'5CG4505VT9',"
"'5CG4505VXR',"
"'5CG4505VXX',"
"'5CG4505VY1',"
"'5CG4505VYC',"
"'5CG4505VYL',"
"'5CG4505VYY',"
"'5CG4505VZ0',"
"'5CG4505VZ7',"
"'5CG4505VZK',"
"'5CG4505VZS',"
"'5CG4505W6G',"
"'5CG4505W6T',"
"'5CG4505W79',"
"'5CG4505W80',"
"'5CG4505W86',"
"'5CG4505W8Q',"
"'5CG50220SS',"
"'5CG50220VF',"
"'5CG50220WP',"
"'5CG50220YN',"
"'5CG5202BX0',"
"'5CG5202BXC',"
